Firm_Name;Year;Year -1;Industry;ESG-SCORE;E-SCORE;S-SCORE;G-SCORE
3M Co;2008;2007;Industrial Conglomerates;82.80568812;80.27383367;80.25740651;88.59411593
3M Co;2009;2008;Industrial Conglomerates;84.75224961;84.39542484;85.85680751;83.86438852
3M Co;2010;2009;Industrial Conglomerates;83.57786458;88.67647059;83.46830986;78.02168716
3M Co;2011;2010;Industrial Conglomerates;88.38576494;90.86357947;86.79952053;87.46989553
3M Co;2012;2011;Industrial Conglomerates;88.55712716;90.57623049;89.3360161;85.39974779
3M Co;2013;2012;Industrial Conglomerates;87.58078012;90.44117647;93.13380282;77.92878729
3M Co;2014;2013;Industrial Conglomerates;86.65344879;88.23529412;91.83927092;78.85412333
3M Co;2015;2014;Industrial Conglomerates;88.05086818;89.81900452;89.40953413;84.49843286
3M Co;2016;2015;Industrial Conglomerates;84.77024124;90.44117647;89.52790819;72.91093058
3M Co;2017;2016;Industrial Conglomerates;87.49566457;90.0802139;91.76696543;79.6430135
Advanced Micro Devices Inc;2011;2010;Semiconductors & Semiconductor Equipment;78.90579882;73.66727941;89.15052817;72.82126663
Advanced Micro Devices Inc;2014;2013;Semiconductors & Semiconductor Equipment;77.77109271;75.03095975;79.14751668;79.2235999
Advanced Micro Devices Inc;2016;2015;Semiconductors & Semiconductor Equipment;85.31161491;79.93154158;83.72389509;93.15707545
Advanced Micro Devices Inc;2017;2016;Semiconductors & Semiconductor Equipment;81.8227567;81.53462998;83.30304407;80.42098972
Aetna Inc;2010;2009;Healthcare Providers & Services;75.513382;72.72434521;73.57869847;80.87431694
Aetna Inc;2012;2011;Healthcare Providers & Services;73.65910256;71.62745098;66.4741784;84.28667507
Aetna Inc;2013;2012;Healthcare Providers & Services;70.75333182;68.42105263;65.47905856;79.49215782
Aetna Inc;2014;2013;Healthcare Providers & Services;72.30043487;67.44098913;68.45339553;82.19522343
AK Steel Holding Corp;2013;2012;Metals & Mining;69.39275421;71.47661112;64.17103302;73.14750722
AK Steel Holding Corp;2014;2013;Metals & Mining;74.58416483;72.7124183;71.30696638;80.48514604
AK Steel Holding Corp;2015;2014;Metals & Mining;76.92015757;72.54243979;76.49825125;82.2913077
AK Steel Holding Corp;2016;2015;Metals & Mining;74.11522922;69.94155969;62.05899894;92.80050591
AK Steel Holding Corp;2017;2016;Metals & Mining;69.13590882;70.39895166;57.85803933;80.8546272
Akamai Technologies Inc;2014;2013;Software & IT Services;59.80205707;68.44574037;42.98203011;69.74388411
Alcoa Corp;2017;2016;Metals & Mining;86.40217299;92.12774219;79.61000325;87.92521143
Alliance Data Systems Corp;2016;2015;Professional & Commercial Services;73.8894365;71.42430576;64.47772932;87.5920611
Allstate Corp;2009;2008;Insurance;85.83841632;89.5553497;79.5441943;89.02101131
Allstate Corp;2010;2009;Insurance;86.59774369;91.01545728;77.85545389;91.84853142
Allstate Corp;2011;2010;Insurance;86.38749438;90.54343592;83.04262662;85.64784826
Allstate Corp;2012;2011;Insurance;84.67192308;94.16666667;85.85446009;72.7112232
Allstate Corp;2013;2012;Insurance;80.70698446;92.76315789;78.16438102;70.22673938
Allstate Corp;2014;2013;Insurance;87.86850205;96.22517797;81.38961155;86.09386702
Allstate Corp;2015;2014;Insurance;83.03962296;84.29557008;74.38706312;91.71056302
Allstate Corp;2016;2015;Insurance;79.61001994;92.05571117;70.657277;76.15654035
Allstate Corp;2017;2016;Insurance;82.87588488;84.74868821;79.38901012;84.84666328
Altaba Inc;2011;2010;Collective Investments;79.73308004;77.05882353;90;70.76419685
Altaba Inc;2012;2011;Collective Investments;70.90544872;67.27941176;73.41549296;72.02606137
Altria Group Inc;2012;2011;Food & Tobacco;72.175;68.44362745;75.88028169;72.02185792
Altria Group Inc;2014;2013;Food & Tobacco;71.34932686;67.84953112;72.28005715;74.16742947
Amazon.com Inc;2017;2016;Diversified Retail;74.99382612;67.01112878;76.99847735;81.55928811
American Express Co;2009;2008;Banking Services;72.38834704;67.01587715;72.1986788;78.59809128
American Express Co;2017;2016;Banking Services;74.72736119;67.50408497;85.10979069;70.69507085
American International Group Inc;2016;2015;Insurance;74.45807703;74.68876439;74.17840376;74.52643868
American International Group Inc;2017;2016;Insurance;73.42793955;78.12758906;69.18931429;73.12246784
American Water Works Company Inc;2012;2011;Water & Related Utilities;76.41004662;72.32620321;69.07810499;89.49642707
American Water Works Company Inc;2013;2012;Water & Related Utilities;80.6335081;78.47593583;74.96798976;89.63296247
American Water Works Company Inc;2014;2013;Water & Related Utilities;84.28502538;82.01357466;81.31094258;90.27877174
American Water Works Company Inc;2015;2014;Water & Related Utilities;79.20418495;79.52488688;76.32719393;82.19531006
American Water Works Company Inc;2016;2015;Water & Related Utilities;79.94599407;78.23529412;78.02816901;84.08522644
American Water Works Company Inc;2017;2016;Water & Related Utilities;78.37568885;71.43962848;78.05782061;86.47766836
Andeavor;2012;2011;Oil & Gas;79.93042735;69.82323232;79.29292929;91.93947037
Andeavor;2015;2014;Oil & Gas;71.91870458;74.67686626;57.64226615;85.46087071
Autodesk Inc;2010;2009;Software & IT Services;78.6651712;89.82236459;68.56087017;77.98838798
Autodesk Inc;2011;2010;Software & IT Services;76.21522556;89.75748194;59.77884853;80.24980484
Autodesk Inc;2012;2011;Software & IT Services;73.35525301;89.8360229;51.25888072;80.70197562
Autodesk Inc;2013;2012;Software & IT Services;82.60734579;91.8356998;69.18406994;87.94381321
Autodesk Inc;2014;2013;Software & IT Services;81.41511251;90.80592867;67.76644117;86.83282017
Autodesk Inc;2015;2014;Software & IT Services;91.14034139;93.07897984;89.79611937;90.54382251
Autodesk Inc;2016;2015;Software & IT Services;91.40411878;94.08312621;90.5904913;89.36469329
Autodesk Inc;2017;2016;Software & IT Services;91.38048107;94.3909906;88.36588303;91.53329766
AvalonBay Communities Inc;2014;2013;Residential & Commercial REITs;84.17572681;83.31550802;92.40717029;75.55379879
AvalonBay Communities Inc;2015;2014;Residential & Commercial REITs;83.61124991;84.51557093;88.82708013;76.53226997
AvalonBay Communities Inc;2016;2015;Residential & Commercial REITs;84.29270696;89.02170494;88.27671914;74.38390816
Avery Dennison Corp;2012;2011;Containers & Packaging;78.47179487;82.62443439;74.7020585;78.23034889
Avery Dennison Corp;2016;2015;Containers & Packaging;77.44258828;85.07012076;70.33858782;77.2083559
Avery Dennison Corp;2017;2016;Containers & Packaging;81.78861587;81.92190669;85.01699854;77.88240363
Baker Hughes A GE Co;2010;2009;Oil & Gas Related Equipment and Services;80.08691907;93.09954751;67.72300469;79.97182377
Ball Corp;2017;2016;Containers & Packaging;72.76178407;84.06862745;58.70500782;76.51859985
Bank of America Corp;2011;2010;Banking Services;78.50630297;78.72516556;84.28551441;71.53570183
Bank of New York Mellon Corp;2017;2016;Investment Banking & Investment Services;85.01412882;93.36930038;87.80731728;72.44907887
Baxter International Inc;2009;2008;Healthcare Equipment & Supplies;80.9788942;69.77415966;95.20875252;76.90679597
Baxter International Inc;2010;2009;Healthcare Equipment & Supplies;81.7171875;67.09558824;94.99339789;82.56403689
Biogen Inc;2011;2010;Pharmaceuticals;69.86281662;66.8627451;72.01877934;70.6977594
Biogen Inc;2012;2011;Pharmaceuticals;79.70179487;67.40986717;83.32576102;89.18621269
Biogen Inc;2014;2013;Pharmaceuticals;78.50373459;67.43697479;84.94969819;83.33777149
Biogen Inc;2015;2014;Pharmaceuticals;73.15086515;69.53781513;77.69953052;71.88417926
Biogen Inc;2017;2016;Pharmaceuticals;82.31879638;66.78773919;98.77396912;80.479364
Boeing Co;2009;2008;Aerospace & Defense;73.7917767;90.25735294;58.07658451;73.72816132
Boeing Co;2011;2010;Aerospace & Defense;74.52456274;85.4876161;67.43884359;70.55076652
Boeing Co;2012;2011;Aerospace & Defense;84.03321451;93.25681492;82.3943662;75.65868012
Boeing Co;2015;2014;Aerospace & Defense;83.82547792;94.04591105;76.62315356;80.81524147
Boeing Co;2017;2016;Aerospace & Defense;84.25493382;95.86834734;72.55756763;84.92380072
Bunge Ltd;2009;2008;Food & Tobacco;82.9537037;72.0043573;89.20187793;87.8870674
Bunge Ltd;2011;2010;Food & Tobacco;86.62260086;89.46740859;85.97893668;84.20052269
Bunge Ltd;2012;2011;Food & Tobacco;80.16244292;87.83088235;77.87558685;74.27576914
Bunge Ltd;2013;2012;Food & Tobacco;88.04831867;96.60282718;81.8157004;85.76650421
Bunge Ltd;2014;2013;Food & Tobacco;79.61307171;94.67178176;64.59481527;80.30657867
Bunge Ltd;2015;2014;Food & Tobacco;79.3363663;96.0375817;67.69855243;74.2642702
Bunge Ltd;2016;2015;Food & Tobacco;79.68111753;86.90071404;70.33298054;82.5136612
Bunge Ltd;2017;2016;Food & Tobacco;84.32886377;90.79112929;72.93816374;90.3830547
Camden Property Trust;2012;2011;Residential & Commercial REITs;65.45219091;68.04018637;53.03304978;77.02227827
Camden Property Trust;2014;2013;Residential & Commercial REITs;62.87901477;67.33957219;49.96798976;72.93417658
Capital One Financial Corp;2016;2015;Banking Services;79.13602801;82.83306473;69.64917358;86.05681763
Capital One Financial Corp;2017;2016;Banking Services;83.65427231;88.98335376;78.85734546;83.29696523
Carnival Corp;2016;2015;Hotels & Entertainment Services;75.4212963;69.86201888;77.23439402;79.50819672
Carnival Corp;2017;2016;Hotels & Entertainment Services;72.0062592;72.39235901;71.83098592;71.77985948
Caterpillar Inc;2017;2016;Machinery, Tools, Heavy Vehicles, Trains & Ships;82.53755161;83.42391304;79.35548071;85.25319842
CBRE Group Inc;2009;2008;Real Estate Operations;82.9932066;77.81087118;83.31253343;88.39856076
CBRE Group Inc;2011;2010;Real Estate Operations;84.87233425;87.26685796;90.35841063;75.81759596
CBRE Group Inc;2012;2011;Real Estate Operations;84.5973703;86.51390789;87.49317611;79.09037411
CBRE Group Inc;2013;2012;Real Estate Operations;83.1490767;90.48202614;86.92292645;70.5821276
CBRE Group Inc;2014;2013;Real Estate Operations;87.98458039;92.39877769;89.61953539;81.16085545
CBRE Group Inc;2017;2016;Real Estate Operations;91.29191709;88.86138614;93.82582624;91.05205735
Celgene Corp;2012;2011;Pharmaceuticals;64.85531915;67.5;55.82159624;72.42181142
Celgene Corp;2014;2013;Pharmaceuticals;77.25165277;89.32637571;69.19582008;73.16776688
Chevron Corp;2017;2016;Oil & Gas;88.08743782;95.20972946;81.15231473;88.21986254
Cleveland-Cliffs Inc;2009;2008;Metals & Mining;71.83014992;75.46244913;61.5554965;79.74005234
Cleveland-Cliffs Inc;2010;2009;Metals & Mining;73.86365813;71.71149867;61.81258405;90.28944672
Cleveland-Cliffs Inc;2011;2010;Metals & Mining;79.02194562;76.50788576;71.1293121;91.01101201
Cleveland-Cliffs Inc;2012;2011;Metals & Mining;77.43774686;73.91531081;68.04515033;92.29676335
Cleveland-Cliffs Inc;2013;2012;Metals & Mining;78.76906219;71.74764104;72.29005432;94.1373605
Cleveland-Cliffs Inc;2014;2013;Metals & Mining;73.83891367;73.07882749;66.11419358;83.67729051
Cleveland-Cliffs Inc;2016;2015;Metals & Mining;76.27634184;75.84786358;72.51915401;81.12710999
Clorox Co;2011;2010;Personal & Household Products & Services;82.5386553;84.28649237;76.48669797;87.63432823
Clorox Co;2012;2011;Personal & Household Products & Services;81.02518519;83.93246187;73.42201356;86.63387978
Clorox Co;2013;2012;Personal & Household Products & Services;82.05287098;82.37874097;76.85940203;87.73446337
Clorox Co;2014;2013;Personal & Household Products & Services;81.76291088;83.79942141;76.46040175;85.66447533
Clorox Co;2015;2014;Personal & Household Products & Services;80.33968734;84.55882353;75.34110915;81.45440522
Clorox Co;2016;2015;Personal & Household Products & Services;82.96928205;84.22459893;78.02268154;87.32743105
Clorox Co;2017;2016;Personal & Household Products & Services;83.52067772;86.03786342;87.32394366;76.28788247
CNX Resources Corp;2012;2011;Coal;69.87893058;68.47202296;70.6630024;70.53467844
CNX Resources Corp;2014;2013;Coal;65.6188003;66.75035868;53.7272415;78.19838562
Coca-Cola Co;2008;2007;Beverages;86.11805983;69.26977688;96.38173871;92.95350312
Coca-Cola Co;2009;2008;Beverages;81.38292254;72.70761246;85.64623032;86.0915493
Coca-Cola Co;2010;2009;Beverages;82.74534769;84.61844197;88.9798249;73.40078552
Coca-Cola Co;2011;2010;Beverages;81.15991612;73.29001368;88.48673436;81.40498613
Comerica Inc;2012;2011;Banking Services;74.47086022;75.85388994;68.96865061;79.33333333
Comerica Inc;2013;2012;Banking Services;73.08687773;72.02135631;71.27029694;76.38905303
Comerica Inc;2015;2014;Banking Services;77.2778211;74.23617208;70.66428421;88.36623509
Comerica Inc;2016;2015;Banking Services;79.95395716;79.07265646;72.82140331;89.23821569
Comerica Inc;2017;2016;Banking Services;78.29732007;82.37081291;73.1648572;79.73022745
ConocoPhillips;2010;2009;Oil & Gas;85.91214489;95.18716578;79.94958387;82.51280738
ConocoPhillips;2011;2010;Oil & Gas;89.62480909;93.45185836;92.94022844;81.49965951
ConocoPhillips;2012;2011;Oil & Gas;86.6719697;93.5828877;92.02944942;72.73224044
ConocoPhillips;2013;2012;Oil & Gas;87.26190879;93.77377817;91.5212669;75.04516216
ConocoPhillips;2014;2013;Oil & Gas;90.23388443;95.27899945;93.8462551;80.40525922
ConocoPhillips;2015;2014;Oil & Gas;91.53434825;96.59060934;93.13143435;84.03895699
Corning Inc;2017;2016;Electronic Equipment & Parts;67.83090175;72.87581699;55.82942097;76.17599844
Corporate Office Properties Trust;2011;2010;Residential & Commercial REITs;70.30704257;70.33248082;70.01684017;70.61646175
Covanta Holding Corp;2011;2010;Professional & Commercial Services;68.62288075;74.11257606;51.81520155;82.06625683
Covanta Holding Corp;2012;2011;Professional & Commercial Services;72.0952381;75.1984127;52.4256651;91.53005464
Covanta Holding Corp;2013;2012;Professional & Commercial Services;69.84397436;93.45022624;40.27627302;77.94367381
Covanta Holding Corp;2014;2013;Professional & Commercial Services;70.88655717;87.18173837;42.01177213;86.32979352
Covanta Holding Corp;2015;2014;Professional & Commercial Services;70.8998326;88.27701293;42.79792229;84.23733045
CSX Corp;2012;2011;Freight & Logistics Services;84.80186518;82.32922201;92.2648796;78.87179487
CSX Corp;2013;2012;Freight & Logistics Services;79.2588909;75.56925996;84.24579736;77.56749
CSX Corp;2014;2013;Freight & Logistics Services;78.57474619;78.01233397;78.45297592;79.34343014
CSX Corp;2015;2014;Freight & Logistics Services;79.396283;76.76930147;79.69850352;81.97295656
CSX Corp;2016;2015;Freight & Logistics Services;75.67942082;76.77923021;73.98713267;76.42311621
CSX Corp;2017;2016;Freight & Logistics Services;79.86090384;84.72593583;70.36651729;85.48843286
Cummins Inc;2010;2009;Automobiles & Auto Parts;74.26313568;69.36426745;80.11110139;72.91752049
Cummins Inc;2013;2012;Automobiles & Auto Parts;82.31084749;84.7029264;87.35225423;73.77640087
Cummins Inc;2016;2015;Automobiles & Auto Parts;82.96411396;85.56149733;89.56175067;72.38945371
Cummins Inc;2017;2016;Automobiles & Auto Parts;87.46165011;88.43776641;92.12084099;80.9505278
CVS Health Corp;2009;2008;Food & Drug Retailing;88.11316901;87.20588235;92.07042254;84.51858693
CVS Health Corp;2010;2009;Food & Drug Retailing;90.62276786;93.85504202;86.90895372;91.34221311
CVS Health Corp;2013;2012;Food & Drug Retailing;86.07906953;89.12655971;86.65172855;82.01532981
CVS Health Corp;2014;2013;Food & Drug Retailing;86.21331919;92.44951712;78.90477192;87.76816177
DaVita Inc;2012;2011;Healthcare Providers & Services;;67.15686275;;84.45114355
DDR Corp;2017;2016;Residential & Commercial REITs;72.34746197;73.88508892;65.54536521;78.55058062
Dean Foods Co;2011;2010;Food & Tobacco;83.01234056;86.76470588;79.24691003;83.21209016
Deckers Outdoor Corp;2017;2016;Textiles & Apparel;71.29638618;74.63235294;54.08450704;87.61110223
Denbury Resources Inc;2013;2012;Oil & Gas;76.24605672;78.30510992;65.86641058;86.0319462
Denbury Resources Inc;2014;2013;Oil & Gas;;76.52911911;58.06180366;85.64434165
Denbury Resources Inc;2015;2014;Oil & Gas;74.81409934;78.66272677;58.64156904;89.34759091
Dover Corp;2016;2015;Machinery, Tools, Heavy Vehicles, Trains & Ships;65.37346605;67.4100632;49.97962985;81.02057693
Dover Corp;2017;2016;Machinery, Tools, Heavy Vehicles, Trains & Ships;67.43989984;76.10826939;56.38140437;70.64816295
DTE Energy Co;2009;2008;Electric Utilities & IPPs;71.17593897;67.08978328;69.40696812;77.78996383
DTE Energy Co;2010;2009;Electric Utilities & IPPs;68.67352594;79.35627081;53.26202498;74.70286885
DTE Energy Co;2016;2015;Electric Utilities & IPPs;68.74068917;76.83093105;59.66794142;70.28214234
Duke Energy Corp;2012;2011;Electric Utilities & IPPs;71.46445513;78.43137255;65.74530516;70.35477091
Duke Energy Corp;2015;2014;Electric Utilities & IPPs;75.88428783;75.7295044;71.6868138;80.94241783
Dunkin' Brands Group Inc;2016;2015;Hotels & Entertainment Services;72.34005477;81.06390704;62.39349678;74.19224595
Dunkin' Brands Group Inc;2017;2016;Hotels & Entertainment Services;78.69367044;82.0194057;75.06897052;79.20520643
Ecolab Inc;2013;2012;Chemicals;71.95938369;67.23002634;72.23565272;76.90989516
Eli Lilly and Co;2010;2009;Pharmaceuticals;78.84004407;75.81447964;87.82231853;71.75802596
Eli Lilly and Co;2013;2012;Pharmaceuticals;76.58232241;77.73109244;80.95847814;70.20816802
Entergy Corp;2015;2014;Electric Utilities & IPPs;79.11069765;73.52941176;79.91502735;84.39627195
EQT Corp;2017;2016;Oil & Gas;67.22010104;68.39166046;47.56641112;88.78970667
Equinix Inc;2017;2016;Residential & Commercial REITs;77.06863373;67.3871409;91.37242057;71.21244762
Eversource Energy;2011;2010;Electric Utilities & IPPs;73.83983992;75.76470588;59.14366197;88.79947514
Eversource Energy;2012;2011;Electric Utilities & IPPs;69.90288462;75.83333333;56.91314554;78.4110971
Exxon Mobil Corp;2008;2007;Oil & Gas;;80.83278255;92.88653268;73.31291387
Federal Realty Investment Trust;2012;2011;Residential & Commercial REITs;58.79982229;75.66977286;33.17528936;69.81925179
Fifth Third Bancorp;2017;2016;Banking Services;68.44764436;73.79493464;62.05007825;69.93307806
Fortune Brands Home & Security Inc;2017;2016;Homebuilding & Construction Supplies;66.84763559;68.49845201;60.28539659;72.64539712
Freeport-McMoRan Inc;2017;2016;Metals & Mining;75.55306585;66.94331198;68.83512295;92.97006928
Gap Inc;2010;2009;Specialty Retailers;84.97140152;92.26270053;88.20422535;73.08060109
Gap Inc;2011;2010;Specialty Retailers;86.57968294;91.42156863;87.73819387;79.83374026
Gap Inc;2012;2011;Specialty Retailers;90.76824786;91.8164488;93.32290037;86.62631358
Gap Inc;2013;2012;Specialty Retailers;88.13208489;88.78188444;94.88346005;79.5495602
Gap Inc;2014;2013;Specialty Retailers;90.28770326;87.32552343;94.76605395;88.37729883
Gap Inc;2015;2014;Specialty Retailers;88.15055758;82.01263977;93.63869165;88.60499844
Gap Inc;2016;2015;Specialty Retailers;88.86859928;76.77091964;98.03114461;91.6899353
Gap Inc;2017;2016;Specialty Retailers;90.48746644;82.01426025;97.4605207;91.81682986
General Dynamics Corp;2017;2016;Aerospace & Defense;73.05278838;67.25023343;78.72792309;72.91572561
GGP Inc;2016;2015;Residential & Commercial REITs;77.78412939;77.9647688;73.93236424;82.06596293
GGP Inc;2017;2016;Residential & Commercial REITs;77.70914163;73.99452804;73.09204062;87.22402518
Halliburton Co;2008;2007;Oil & Gas Related Equipment and Services;79.9983879;71.59586057;94.06624935;72.99107143
Halliburton Co;2009;2008;Oil & Gas Related Equipment and Services;85.27122323;90.33037873;93.05421571;70.57261602
Hartford Financial Services Group Inc;2012;2011;Insurance;76.2124359;76.49019608;66.08920188;87.68558218
Hartford Financial Services Group Inc;2013;2012;Insurance;70.44452782;71.65247678;69.1113788;70.64965981
Hartford Financial Services Group Inc;2014;2013;Insurance;74.38947266;72.90183589;73.04655961;77.61088458
Hartford Financial Services Group Inc;2017;2016;Insurance;77.88017173;80.53714444;72.17483304;81.55894065
Hasbro Inc;2013;2012;Leisure Products;79.57930403;72.05882353;89.30248156;76.64564943
Hasbro Inc;2016;2015;Leisure Products;80.24820975;67.760181;;89.27534091
HB Fuller Co;2017;2016;Chemicals;60.80317123;73.73253169;40.14862657;70.43064927
Herc Holdings Inc;2017;2016;Passenger Transportation Services;69.18968337;73.22860963;49.87996159;87.16252371
Hess Corp;2016;2015;Oil & Gas;73.85741599;86.55036914;63.71386212;71.51432602
Hewlett Packard Enterprise Co;2017;2016;Computers, Phones & Household Electronics;72.54171134;69.72318339;65.16155758;84.27369196
Honeywell International Inc;2008;2007;Industrial Conglomerates;67.95136679;68.66125761;63.06459446;72.84789564
Humana Inc;2010;2009;Healthcare Providers & Services;69.20680751;74.95098039;57.37089202;76.57969676
ICF International Inc;2017;2016;Professional & Commercial Services;76.78594223;83.60167343;76.23542982;69.82883828
Intel Corp;2010;2009;Semiconductors & Semiconductor Equipment;96.45837929;95.22058824;97.9908865;96.05447404
Intel Corp;2011;2010;Semiconductors & Semiconductor Equipment;97.52392825;96.95159314;98.15874413;97.42305712
Intel Corp;2012;2011;Semiconductors & Semiconductor Equipment;89.09739454;95.46173308;98.31894593;71.26944094
Intel Corp;2013;2012;Semiconductors & Semiconductor Equipment;91.12028069;95.3379224;96.35900509;80.32111563
Intel Corp;2015;2014;Semiconductors & Semiconductor Equipment;91.05838571;95.81564585;93.37882968;83.05436584
Intel Corp;2016;2015;Semiconductors & Semiconductor Equipment;88.18923693;96.36156187;93.14594463;73.30982147
Intel Corp;2017;2016;Semiconductors & Semiconductor Equipment;92.64972002;96.59629981;91.93548387;89.08157805
International Flavors & Fragrances Inc;2011;2010;Food & Tobacco;67.12253743;68.70915033;59.67657799;74.02046274
International Flavors & Fragrances Inc;2014;2013;Food & Tobacco;72.05980694;70.66055931;66.64742554;79.91928102
International Flavors & Fragrances Inc;2015;2014;Food & Tobacco;73.37445649;71.59926471;70.54357394;78.64832045
International Flavors & Fragrances Inc;2016;2015;Food & Tobacco;73.37741724;68.48739496;65.01737699;88.55912828
International Paper Co;2008;2007;Containers & Packaging;67.16436887;67.38754325;59.15492958;76.23804645
International Paper Co;2013;2012;Containers & Packaging;78.39806101;84.3306288;71.95240408;79.28702875
International Paper Co;2014;2013;Containers & Packaging;69.97789422;79.50664137;59.67741935;71.34476159
International Paper Co;2017;2016;Containers & Packaging;74.76760692;81.53594771;65.31690141;78.22257278
Interpublic Group of Companies Inc;2017;2016;Media & Publishing;63.72126241;67.24989266;53.63935437;71.52238723
Invesco Ltd;2015;2014;Investment Banking & Investment Services;70.13922356;68.34733894;62.78783814;80.69326486
Invesco Ltd;2017;2016;Investment Banking & Investment Services;68.42692894;71.36268709;50.87923994;85.57863983
ITT Inc;2008;2007;Machinery, Tools, Heavy Vehicles, Trains & Ships;82.22806889;76.8924783;85.89817594;83.90417642
ITT Inc;2009;2008;Machinery, Tools, Heavy Vehicles, Trains & Ships;82.35768155;74.94785148;85.37608631;87.10459478
Johnson & Johnson;2011;2010;Pharmaceuticals;83.74663462;88.09954751;81.86348862;81.08606557
Jones Lang LaSalle Inc;2011;2010;Real Estate Operations;83.20862678;87.05164993;86.03000115;75.64070623
Jones Lang LaSalle Inc;2014;2013;Real Estate Operations;79.90630068;91.93086325;75.53960124;71.58442207
Jones Lang LaSalle Inc;2015;2014;Real Estate Operations;81.30878247;92.35466116;75.73923071;75.47793695
Jones Lang LaSalle Inc;2016;2015;Real Estate Operations;78.28505481;93.09661689;70.69254908;70.61098409
JPMorgan Chase & Co;2008;2007;Banking Services;80.98324001;72.82319708;88.99896554;80.74990242
JPMorgan Chase & Co;2010;2009;Banking Services;83.80636927;85.82734621;86.32942694;78.61680328
JPMorgan Chase & Co;2016;2015;Banking Services;83.51566908;84.52189095;88.89799987;76.12929902
JPMorgan Chase & Co;2017;2016;Banking Services;84.59241756;88.63868464;90.7154734;72.95498926
KB Home;2011;2010;Homebuilding & Construction Supplies;61.98579718;71.76470588;45.83866837;69.87891773
KeyCorp;2012;2011;Banking Services;74.56649297;76.14800759;65.5565652;83.29045818
KeyCorp;2013;2012;Banking Services;74.36109435;78.57343574;66.21063963;79.15196434
KeyCorp;2014;2013;Banking Services;72.49077281;75.54059007;63.61941117;79.41665973
KeyCorp;2015;2014;Banking Services;77.1211652;78.98595259;67.40592811;86.35028471
KeyCorp;2016;2015;Banking Services;77.30342804;78.88127854;64.64402855;90.27922362
KeyCorp;2017;2016;Banking Services;82.14076152;84.58946078;74.55741393;88.2375833
Kimco Realty Corp;2015;2014;Residential & Commercial REITs;76.11717179;78.36134454;69.52893834;81.28374276
Kimco Realty Corp;2016;2015;Residential & Commercial REITs;81.58998953;86.81189053;73.02854561;85.7338133
Kimco Realty Corp;2017;2016;Residential & Commercial REITs;80.20350513;88.31737346;78.17556502;73.51892647
Kohls Corp;2016;2015;Diversified Retail;74.50973414;71.00556439;75.59002665;77.1586321
L Brands Inc;2010;2009;Specialty Retailers;74.35980114;83.68983957;66.00512164;73.68340164
Liberty Property Trust;2014;2013;Residential & Commercial REITs;66.93840563;67.70053476;61.73495519;72.14529417
Liberty Property Trust;2015;2014;Residential & Commercial REITs;64.09954492;70.8230351;50.97052906;71.88582025
Lockheed Martin Corp;2009;2008;Aerospace & Defense;74.53403756;74.17279412;73.32746479;76.34110675
Lockheed Martin Corp;2010;2009;Aerospace & Defense;74.75390625;69.77124183;81.24021909;72.75870902
Lockheed Martin Corp;2011;2010;Aerospace & Defense;69.33928571;67.87925697;65.62268347;75.29274005
Lockheed Martin Corp;2015;2014;Aerospace & Defense;77.64619498;92.25251076;61.74854002;79.86757249
Lockheed Martin Corp;2016;2015;Aerospace & Defense;85.16649357;93.84803922;83.52112676;77.40380406
Lockheed Martin Corp;2017;2016;Aerospace & Defense;84.7237059;96.33520075;78.28079589;79.27886921
Marathon Oil Corp;2008;2007;Oil & Gas;88.65489897;88.95768834;87.1386212;90.08221116
Marathon Oil Corp;2009;2008;Oil & Gas;92.41474555;91.92563818;94.90211711;90.06484261
Marathon Oil Corp;2010;2009;Oil & Gas;87.8499053;88.05147059;84.93517926;91.01775956
Marathon Oil Corp;2011;2010;Oil & Gas;87.37185652;91.98127012;83.26326116;87.01562941
Marathon Oil Corp;2012;2011;Oil & Gas;80.66224942;73.79679144;79.09731114;90.13703237
Marathon Oil Corp;2013;2012;Oil & Gas;80.11335444;70.49312262;86.3324224;83.59896
Marathon Oil Corp;2014;2013;Oil & Gas;79.56374116;71.38537658;86.72502304;80.3453441
McDonald's Corp;2012;2011;Hotels & Entertainment Services;77.16983283;68.27284105;86.7320947;75.95794509
McGrath RentCorp;2017;2016;Professional & Commercial Services;65.23917512;67.79994176;43.87463394;87.25147499
Mettler-Toledo International Inc;2017;2016;Machinery, Tools, Heavy Vehicles, Trains & Ships;71.51709111;80.20566922;63.74515207;70.87749046
MGP Ingredients Inc;2017;2016;Food & Tobacco;69.95658169;68.51997483;58.34525872;85.07286361
Microsoft Corp;2011;2010;Software & IT Services;;89.44379732;91.20764189;81.98343579
Microsoft Corp;2013;2012;Software & IT Services;;88.88599688;;80.73476251
Mondelez International Inc;2010;2009;Food & Tobacco;85.86508822;73.7394958;92.51221615;91.64532104
Mondelez International Inc;2011;2010;Food & Tobacco;79.44688381;72.54901961;92.88161401;71.49916123
Mondelez International Inc;2012;2011;Food & Tobacco;81.45698718;70.28186275;96.22065728;76.73055906
Mondelez International Inc;2013;2012;Food & Tobacco;78.03567808;70.69083447;82.61273065;80.89598352
Mondelez International Inc;2014;2013;Food & Tobacco;83.40457588;84.50554135;87.48724229;77.42531414
Morgan Stanley;2009;2008;Investment Banking & Investment Services;81.62156076;86.79890561;66.84408778;93.0501039
Morgan Stanley;2010;2009;Investment Banking & Investment Services;82.40226151;93.86996904;80.07412898;72.32838115
NCR Corp;2013;2012;Software & IT Services;68.38333659;75.10141988;60.2841185;70.32128446
Newfield Exploration Co;2016;2015;Oil & Gas;68.21753445;67.15289355;53.07920397;87.02437126
Newmont Mining Corp;2015;2014;Metals & Mining;85.17223851;80.22601658;81.73031477;94.69223322
Newmont Mining Corp;2016;2015;Metals & Mining;80.05489228;67.23510251;85.10804239;88.46427008
Nextera Energy Inc;2010;2009;Electric Utilities & IPPs;66.31334513;68.42397336;55.38798831;76.67691257
NiSource Inc;2016;2015;Multiline Utilities;70.61699873;73.57142857;63.56136821;75.53582721
NiSource Inc;2017;2016;Multiline Utilities;78.17586901;74.30555556;74.25665102;87.05202955
Northern Trust Corp;2009;2008;Investment Banking & Investment Services;84.98304264;85.73871409;85.38322961;83.67486339
Northern Trust Corp;2010;2009;Investment Banking & Investment Services;80.11244518;85.18575851;78.68050408;76.12363388
Northern Trust Corp;2011;2010;Investment Banking & Investment Services;73.11996581;78.89968487;68.20925553;72.39274503
Northern Trust Corp;2012;2011;Investment Banking & Investment Services;85.90682606;83.8500265;90.88948103;82.40016814
Northern Trust Corp;2013;2012;Investment Banking & Investment Services;85.75372529;84.61738678;89.14371183;83.07474127
Northern Trust Corp;2014;2013;Investment Banking & Investment Services;85.04042245;87.23869713;90.44348737;76.30107348
Northern Trust Corp;2015;2014;Investment Banking & Investment Services;79.42648005;74.12464986;82.58998435;81.65460543
Northrop Grumman Corp;2012;2011;Aerospace & Defense;;75.07739938;79.92957746;84.18290232
Northrop Grumman Corp;2013;2012;Aerospace & Defense;;68.723099;56.18344212;78.11181169
Northrop Grumman Corp;2014;2013;Aerospace & Defense;65.01786567;68.723099;55.71968396;71.70991542
NVIDIA Corp;2011;2010;Semiconductors & Semiconductor Equipment;73.24506871;81.72487745;59.58773474;79.68840832
NVIDIA Corp;2012;2011;Semiconductors & Semiconductor Equipment;68.36076096;82.1315623;53.98303801;69.74443043
NVIDIA Corp;2013;2012;Semiconductors & Semiconductor Equipment;77.96612124;80.64768461;67.65807612;86.97472607
NVIDIA Corp;2014;2013;Semiconductors & Semiconductor Equipment;80.15510286;78.40557276;71.54929577;92.12199384
NVIDIA Corp;2015;2014;Semiconductors & Semiconductor Equipment;85.92877929;78.77501516;87.21504283;92.40634077
NVIDIA Corp;2016;2015;Semiconductors & Semiconductor Equipment;84.62477233;81.95993915;82.52792618;90.03599747
NVIDIA Corp;2017;2016;Semiconductors & Semiconductor Equipment;85.82928797;84.26233397;87.17628351;86.00824189
Occidental Petroleum Corp;2013;2012;Oil & Gas;78.08961757;81.10916008;82.0720342;70.08829836
Occidental Petroleum Corp;2014;2013;Oil & Gas;75.47076474;69.20010995;83.97393708;72.56386785
Office Depot Inc;2008;2007;Specialty Retailers;76.6572852;79.66751918;67.56480914;83.88466042
Office Depot Inc;2009;2008;Specialty Retailers;80.73936891;83.14479638;76.96821957;82.4472793
Office Depot Inc;2010;2009;Specialty Retailers;82.72923769;84.34157754;81.25800256;82.64429645
Office Depot Inc;2011;2010;Specialty Retailers;80.46805531;85.7266436;83.07097487;71.57639477
Office Depot Inc;2012;2011;Specialty Retailers;86.42623219;92.03431373;82.11398018;85.1937789
Office Depot Inc;2013;2012;Specialty Retailers;80.11772828;87.79281624;81.35984046;70.11615539
Owens Corning;2016;2015;Homebuilding & Construction Supplies;81.50585273;84.30727554;86.39733136;72.68959479
PepsiCo Inc;2008;2007;Beverages;84.60280686;87.32251521;81.20446819;85.52644418
PepsiCo Inc;2009;2008;Beverages;79.98572563;85.76989619;81.006628;72.34953436
PepsiCo Inc;2010;2009;Beverages;86.54805039;83.34658188;85.13513514;91.76144126
PepsiCo Inc;2011;2010;Beverages;89.19895266;83.48153215;88.8961677;95.92489245
PepsiCo Inc;2012;2011;Beverages;90.35145485;87.56393862;91.93202694;91.61916772
PepsiCo Inc;2013;2012;Beverages;81.63836144;72.2120098;80.032277;94.01580254
PepsiCo Inc;2014;2013;Beverages;81.77237981;69.80968858;83.01574151;93.66064742
PepsiCo Inc;2017;2016;Beverages;83.24079018;68.24095023;94.54225352;86.807761
Pfizer Inc;2009;2008;Pharmaceuticals;78.78360514;73.16821465;88.95478132;73.20480259
Pfizer Inc;2010;2009;Pharmaceuticals;80.13575721;74.66063348;89.79414951;74.99743852
Pfizer Inc;2014;2013;Pharmaceuticals;73.44675622;72.77618364;69.89007214;78.3340268
Pfizer Inc;2016;2015;Pharmaceuticals;77.49294379;78.18627451;77.91355979;76.2304811
Pfizer Inc;2017;2016;Pharmaceuticals;76.12476131;79.04749056;73.96304432;75.38273372
Pinnacle West Capital Corp;2011;2010;Electric Utilities & IPPs;;82.43618202;73.47196386;91.97916667
Pinnacle West Capital Corp;2012;2011;Electric Utilities & IPPs;;78.94117647;59.43661972;90.5094092
PNC Financial Services Group Inc;2009;2008;Banking Services;75.56426835;72.07834461;73.69437866;81.62664512
PNC Financial Services Group Inc;2010;2009;Banking Services;70.76635258;73.90547822;63.94204924;75.21004098
PNC Financial Services Group Inc;2012;2011;Banking Services;75.09133168;74.18406072;74.35256701;76.96258932
PNC Financial Services Group Inc;2013;2012;Banking Services;73.16738604;70.8364556;74.60751772;74.08958147
PNC Financial Services Group Inc;2015;2014;Banking Services;77.22490177;75.59701493;73.64095018;83.21107993
PNC Financial Services Group Inc;2016;2015;Banking Services;77.69497649;81.5001343;70.51257316;81.81300773
PNC Financial Services Group Inc;2017;2016;Banking Services;86.31787171;86.63705065;90.3071205;81.31884169
PPG Industries Inc;2008;2007;Chemicals;76.02543373;79.55523673;65.41566472;84.43964676
PPG Industries Inc;2009;2008;Chemicals;71.21096429;68.72108394;64.29814844;82.03263296
PPG Industries Inc;2010;2009;Chemicals;69.17450753;75.21840419;56.9864733;76.62312158
PPG Industries Inc;2011;2010;Chemicals;70.70936575;77.51764706;54.38309859;82.12251067
PPG Industries Inc;2012;2011;Chemicals;65.19961538;78.2239819;46.46262189;72.48928121
PPG Industries Inc;2015;2014;Chemicals;72.58395097;87.02544848;53.18150035;79.06841267
PPG Industries Inc;2016;2015;Chemicals;73.78416967;80.72478992;67.51760563;73.34095442
PPG Industries Inc;2017;2016;Chemicals;70.65164212;81.40233994;55.94506264;75.78475181
PPL Corp;2010;2009;Multiline Utilities;71.38235063;72.16981132;70.69492426;71.30464481
PPL Corp;2011;2010;Multiline Utilities;70.17582168;70.25882353;69.26760563;71.14039896
Praxair Inc;2008;2007;Chemicals;71.74268293;85.79626973;55.27310203;75.24590164
Praxair Inc;2009;2008;Chemicals;82.71444623;95.62128222;60.27061244;94.44964871
Praxair Inc;2010;2009;Chemicals;85.26463308;91.49679674;71.50327709;94.33461909
Praxair Inc;2011;2010;Chemicals;86.59085714;91.22352941;77.13239437;92.43559719
Praxair Inc;2012;2011;Chemicals;85.86459276;87.5;85.01625135;85.0289296
Praxair Inc;2013;2012;Chemicals;87.59307629;88.47673398;91.85410973;81.64845173
Praxair Inc;2015;2014;Chemicals;86.11838516;90.43596162;90.04594946;76.73392182
Praxair Inc;2016;2015;Chemicals;85.48868355;91.02766106;90.49714956;73.48455966
Praxair Inc;2017;2016;Chemicals;86.14028191;91.34709132;95.2299432;69.75620008
Prologis Inc;2010;2009;Residential & Commercial REITs;75.89035326;90.66496164;58.53490508;79.62090164
Prologis Inc;2011;2010;Residential & Commercial REITs;81.83551007;90.04289216;78.74853286;76.27933629
Prologis Inc;2012;2011;Residential & Commercial REITs;84.71209698;95.50087362;74.28531586;84.82135351
Prologis Inc;2014;2013;Residential & Commercial REITs;80.10958699;94.83957219;59.05889885;88.19089623
Prologis Inc;2015;2014;Residential & Commercial REITs;88.26580993;94.4018784;80.50656882;90.45685029
Prologis Inc;2016;2015;Residential & Commercial REITs;88.73707295;95.93425606;74.97552158;96.73152697
Prologis Inc;2017;2016;Residential & Commercial REITs;86.19870166;95.875513;72.85293154;90.94503784
Prudential Financial Inc;2011;2010;Insurance;80.46227279;86.18036619;79.31163138;75.4272759
Public Service Enterprise Group Inc;2010;2009;Electric Utilities & IPPs;72.50955337;66.78018576;67.83543365;84.33675825
Public Service Enterprise Group Inc;2011;2010;Electric Utilities & IPPs;85.12283805;92.50832408;80.26175923;82.54781421
Public Service Enterprise Group Inc;2012;2011;Electric Utilities & IPPs;;90.51764706;84.22535211;79.50819672
Public Service Enterprise Group Inc;2013;2012;Electric Utilities & IPPs;81.18455128;87.69607843;72.89906103;83.56956704
Public Service Enterprise Group Inc;2014;2013;Electric Utilities & IPPs;;86.14157527;74.6896634;70.10940217
Public Service Enterprise Group Inc;2015;2014;Electric Utilities & IPPs;;74.91492465;70.59131649;78.06773737
Public Service Enterprise Group Inc;2016;2015;Electric Utilities & IPPs;72.6300986;73.21676702;72.75701453;71.82838576
Raytheon Co;2009;2008;Aerospace & Defense;75.11883803;70.68014706;76.49647887;78.46340337
Raytheon Co;2011;2010;Aerospace & Defense;70.63087239;68.22755418;73.61008154;69.84237713
Raytheon Co;2012;2011;Aerospace & Defense;72.65537836;72.59684362;73.27378908;72.00084069
Raytheon Co;2017;2016;Aerospace & Defense;81.40791767;84.64052288;79.37625755;80.16907692
Republic Services Inc;2016;2015;Professional & Commercial Services;64.03452982;85.85398626;34.22106242;74.41212239
Republic Services Inc;2017;2016;Professional & Commercial Services;70.23710962;88.23529412;41.26699854;83.8928693
Revance Therapeutics Inc;2017;2016;Biotechnology & Medical Research;58.61396306;76.61233168;29.26777533;72.70724605
Rockwell Collins Inc;2016;2015;Aerospace & Defense;75.57385015;69.73039216;74.0258216;83.88967262
Rockwell Collins Inc;2017;2016;Aerospace & Defense;74.86507937;70.14472456;74.39078918;80.67915691
Rogers Corp;2017;2016;Semiconductors & Semiconductor Equipment;72.1806773;66.5085389;70.30895048;80.6822841
RR Donnelley & Sons Co;2009;2008;Professional & Commercial Services;70.09441384;81.07163658;59.16190211;70.58223659
RR Donnelley & Sons Co;2010;2009;Professional & Commercial Services;76.70201149;82.75862069;63.68989801;85.09562842
RR Donnelley & Sons Co;2011;2010;Professional & Commercial Services;76.11887876;83.64845938;67.29264476;77.9984055
RR Donnelley & Sons Co;2012;2011;Professional & Commercial Services;79.12141026;86.61764706;66.18093174;85.82681799
RR Donnelley & Sons Co;2013;2012;Professional & Commercial Services;73.09204428;84.98683055;56.98444398;78.58047306
Schlumberger NV;2017;2016;Oil & Gas Related Equipment and Services;88.6529052;95.92552617;86.25791446;83.33333333
Sempra Energy;2015;2014;Multiline Utilities;71.55653153;69.60784314;71.66666667;73.60064983
Sempra Energy;2016;2015;Multiline Utilities;84.1995549;84.45378151;78.26961771;90.81821277
Sempra Energy;2017;2016;Multiline Utilities;83.226844;84.96732026;74.60876369;91.31752132
Sherwin-Williams Co;2014;2013;Chemicals;66.2916869;71.62190963;56.65441927;71.56694683
Sherwin-Williams Co;2016;2015;Chemicals;65.90065971;76.54061625;48.58735748;74.19127305
Sherwin-Williams Co;2017;2016;Chemicals;66.80634762;72.400065;56.09291106;73.04046588
South Jersey Industries Inc;2017;2016;Natural Gas Utilities;75.65598743;79.90196078;58.82990249;90.50723077
Southwestern Energy Co;2016;2015;Oil & Gas;68.01214575;69.16527745;52.80549695;84.42622951
Southwestern Energy Co;2017;2016;Oil & Gas;63.68692081;66.74112683;45.75979081;81.14823592
Starbucks Corp;2010;2009;Hotels & Entertainment Services;95.54322917;97.54901961;;92.40949454
State Street Corp;2008;2007;Investment Banking & Investment Services;85.06777426;88.64482502;87.18131574;78.62021858
State Street Corp;2009;2008;Investment Banking & Investment Services;83.44020908;89.65458276;79.43006878;81.1802509
State Street Corp;2010;2009;Investment Banking & Investment Services;84.66525493;90.7120743;89.14751668;72.70747951
State Street Corp;2014;2013;Investment Banking & Investment Services;86.49302974;93.3033544;89.24455826;75.69859366
State Street Corp;2016;2015;Investment Banking & Investment Services;86.14306978;89.61100569;90.18627896;77.57114365
State Street Corp;2017;2016;Investment Banking & Investment Services;85.59277826;91.54194222;86.92807734;77.40672277
Target Corp;2015;2014;Diversified Retail;79.21430024;86.14430147;77.99295775;72.91061553
Target Corp;2016;2015;Diversified Retail;77.39461665;86.82432432;72.69699277;72.35053753
Target Corp;2017;2016;Diversified Retail;83.44979692;81.49841017;86.47696993;82.10168243
Tenet Healthcare Corp;2011;2010;Healthcare Providers & Services;79.84118541;74.43977591;71.49564051;95.5760958
Tenet Healthcare Corp;2012;2011;Healthcare Providers & Services;82.5974359;71.90799397;87.86565547;88.38167297
Tenet Healthcare Corp;2013;2012;Healthcare Providers & Services;82.92578684;77.11621234;79.40570251;93.49918117
Tenet Healthcare Corp;2014;2013;Healthcare Providers & Services;82.38291032;74.28104575;80.59467919;93.49588084
Tenet Healthcare Corp;2015;2014;Healthcare Providers & Services;77.39216139;77.65837104;69.6099675;86.15336648
Tenet Healthcare Corp;2016;2015;Healthcare Providers & Services;80.83544162;79.19389978;74.42183968;90.13036922
Tenet Healthcare Corp;2017;2016;Healthcare Providers & Services;75.33684067;79.17166867;56.4098879;93.09168236
Teradata Corp;2009;2008;Software & IT Services;76.17546241;77.79943303;72.79823519;78.29600554
Teradata Corp;2010;2009;Software & IT Services;76.55170689;76.26674432;74.91981593;78.76878415
Teradata Corp;2011;2010;Software & IT Services;80.54409295;76.17389061;93.8905362;69.88140914
Teradata Corp;2012;2011;Software & IT Services;82.43176084;76.79593961;90.98840833;78.75493905
Teradata Corp;2013;2012;Software & IT Services;82.49854176;82.22616633;93.13380282;70.42342692
Teradata Corp;2014;2013;Software & IT Services;82.57479116;81.8318666;83.05977598;82.83847882
Teradata Corp;2017;2016;Software & IT Services;82.7214764;87.51913405;86.64851563;72.80245172
Texas Instruments Inc;2008;2007;Semiconductors & Semiconductor Equipment;87.72061012;94.20415225;81.6072908;87.60855777
Texas Instruments Inc;2009;2008;Semiconductors & Semiconductor Equipment;85.83257042;94.11764706;72.55868545;92.04667898
Texas Instruments Inc;2010;2009;Semiconductors & Semiconductor Equipment;88.15422794;93.05795848;80.78914664;91.2602459
Texas Instruments Inc;2011;2010;Semiconductors & Semiconductor Equipment;92.22326969;94.3627451;88.66637324;93.97827495
Texas Instruments Inc;2012;2011;Semiconductors & Semiconductor Equipment;94.08402812;96.23655914;96.93321218;88.36822194
Texas Instruments Inc;2013;2012;Semiconductors & Semiconductor Equipment;89.53991279;95.96370463;95.3700929;75.59301717
Texas Instruments Inc;2014;2013;Semiconductors & Semiconductor Equipment;89.25983169;97.3993808;92.64640474;76.24448698
Texas Instruments Inc;2015;2014;Semiconductors & Semiconductor Equipment;89.89882408;96.78593087;96.02874982;75.08656197
Texas Instruments Inc;2016;2015;Semiconductors & Semiconductor Equipment;90.13907577;97.31237323;94.79723167;76.72082502
Texas Instruments Inc;2017;2016;Semiconductors & Semiconductor Equipment;91.94271339;98.00759013;96.14379827;80.29207986
Tiffany & Co;2014;2013;Specialty Retailers;73.14699733;70.43868395;73.45428503;75.80843805
Tiffany & Co;2017;2016;Specialty Retailers;79.20188511;86.26559715;80.21340162;70.15024427
Time Warner Inc;2008;2007;Media & Publishing;78.32558847;78.53323147;83.06200841;72.58123536
Time Warner Inc;2009;2008;Media & Publishing;81.51355289;74.18685121;88.87323944;81.11483106
Time Warner Inc;2010;2009;Media & Publishing;80.38796177;75.50030321;77.28328735;89.45013661
Time Warner Inc;2011;2010;Media & Publishing;80.16370509;88.63122172;71.23510293;81.11681366
Time Warner Inc;2013;2012;Media & Publishing;76.26439054;76.31302521;80.20623742;71.62212355
Time Warner Inc;2016;2015;Media & Publishing;76.18867635;79.52731092;73.36519115;75.75327139
Time Warner Inc;2017;2016;Media & Publishing;80.9075547;82.09531988;77.68068264;83.33935608
Tupperware Brands Corp;2011;2010;Household Goods;76.88020402;77.33957219;69.11011524;85.41199528
Tupperware Brands Corp;2015;2014;Household Goods;68.9907007;78;58.50704225;71.14983836
Tupperware Brands Corp;2016;2015;Household Goods;73.00918924;82.25806452;64.81144934;72.24059931
Tupperware Brands Corp;2017;2016;Household Goods;78.51947469;82.6625387;73.5915493;79.63675912
UMB Financial Corp;2017;2016;Banking Services;58.39621713;69.21977124;31.07638889;78.12910444
Unisys Corp;2009;2008;Software & IT Services;;83.20747218;63.55157975;82.70882123
Unisys Corp;2015;2014;Software & IT Services;65.42869619;68.49235757;56.52656094;72.37496879
Unit Corp;2017;2016;Oil & Gas;67.51036437;74.05558554;52.19020545;78.04571262
United Technologies Corp;2013;2012;Aerospace & Defense;78.60757705;84.21807747;80.77980076;69.82492276
United Technologies Corp;2014;2013;Aerospace & Defense;77.914857;78.04878049;81.26073514;73.87118249
United Technologies Corp;2016;2015;Aerospace & Defense;80.16361276;75.46568627;86.13849765;78.44627134
United Technologies Corp;2017;2016;Aerospace & Defense;77.5341364;75.37348273;84.83120948;71.44941938
UnitedHealth Group Inc;2010;2009;Healthcare Providers & Services;;78.82352941;74.50704225;92.38339875
UnitedHealth Group Inc;2015;2014;Healthcare Providers & Services;;71.89542484;80.657277;80.27461097
Unum Group;2015;2014;Insurance;65.91808475;66.53957879;59.81568423;72.32806577
Valero Energy Corp;2012;2011;Oil & Gas;73.34059441;70.58823529;78.6705079;70.20512821
Valero Energy Corp;2016;2015;Oil & Gas;74.03438592;73.58299595;74.2002623;74.34450552
Valero Energy Corp;2017;2016;Oil & Gas;68.41391976;74.6835443;58.83401676;72.575209
Vectren Corp;2017;2016;Natural Gas Utilities;74.68125346;69.53242836;75.92993861;78.96753973
Ventas Inc;2016;2015;Residential & Commercial REITs;74.94641902;87.8540305;65.37993392;71.69236756
Ventas Inc;2017;2016;Residential & Commercial REITs;82.71931963;92.75210084;79.42655936;75.36779269
Verizon Communications Inc;2008;2007;Telecommunications Services;80.60915179;90.6512605;68.45070423;83.56630562
Verizon Communications Inc;2009;2008;Telecommunications Services;89.35252347;92.48529412;82.51408451;93.8197491
Verizon Communications Inc;2010;2009;Telecommunications Services;72.72133049;78.77005348;61.62612036;78.8925888
Verizon Communications Inc;2011;2010;Telecommunications Services;72.04180992;80.11089682;62.9069499;73.6791403
Verizon Communications Inc;2015;2014;Telecommunications Services;79.4150806;81.54158215;81.73385138;74.34565713
Vornado Realty Trust;2017;2016;Residential & Commercial REITs;67.64095843;87.04514364;44.79200786;72.6047436
Vulcan Materials Co;2013;2012;Construction Materials;67.27283668;75.23939808;53.7340321;74.15036045
W W Grainger Inc;2016;2015;Machinery, Tools, Heavy Vehicles, Trains & Ships;69.17303934;67.22168206;69.63391922;70.81188889
Waste Management Inc;2011;2010;Professional & Commercial Services;76.91716954;92.31744422;56.69621175;83.28551913
Waste Management Inc;2014;2013;Professional & Commercial Services;75.75217309;95.16022827;58.59260038;74.08958147
Waters Corp;2009;2008;Healthcare Equipment & Supplies;73.40092639;89.49579832;53.15643863;79.02235819
Waters Corp;2010;2009;Healthcare Equipment & Supplies;75.6203125;90.02757353;55.8318662;82.59221311
Waters Corp;2011;2010;Healthcare Equipment & Supplies;70.79603124;86.32572432;47.61404246;80.46655704
Waters Corp;2012;2011;Healthcare Equipment & Supplies;70.91643429;85.50091912;43.04577465;87.09794031
WEC Energy Group Inc;2016;2015;Electric Utilities & IPPs;79.36225264;71.01675107;73.78509467;95.15688087
WEC Energy Group Inc;2017;2016;Electric Utilities & IPPs;70.43469506;69.6382901;66.97139358;75.35354658
Wells Fargo & Co;2008;2007;Banking Services;76.12945167;73.06414091;80.53234662;74.42183841
Wells Fargo & Co;2009;2008;Banking Services;80.91481003;70.90707965;84.46341767;87.94062187
Wells Fargo & Co;2010;2009;Banking Services;85.13549618;79.92815447;83.33781314;93.03278689
Wells Fargo & Co;2011;2010;Banking Services;80.891199;75.46260226;77.30388956;91.11814241
Wells Fargo & Co;2016;2015;Banking Services;84.82518732;80.52309965;85.68396681;88.62139417
Wells Fargo & Co;2017;2016;Banking Services;85.79929923;86.30770016;84.46058294;86.79073517
Williams-Sonoma Inc;2014;2013;Specialty Retailers;72.00434483;73.74127617;69.70637384;72.74278106
Williams-Sonoma Inc;2015;2014;Specialty Retailers;74.86558873;68.1939718;82.70864859;73.17399367
Williams-Sonoma Inc;2017;2016;Specialty Retailers;75.50341503;73.23529412;74.47289799;79.23126637
Xerox Corp;2009;2008;Office Equipment;;86.8872549;87.52934272;92.65832358
Xerox Corp;2010;2009;Office Equipment;;89.14807302;74.47790189;78.53363349
Xerox Corp;2015;2014;Office Equipment;;82.5708061;80.4903495;93.28368145
Xylem Inc;2017;2016;Machinery, Tools, Heavy Vehicles, Trains & Ships;76.43226719;81.58034953;72.37446418;75.41643792
Zimmer Biomet Holdings Inc;2011;2010;Healthcare Equipment & Supplies;77.15312873;83.14310799;71.32646626;77.25762785
Zimmer Biomet Holdings Inc;2012;2011;Healthcare Equipment & Supplies;77.99425481;80.44577206;71.47887324;82.84489281
Zimmer Biomet Holdings Inc;2013;2012;Healthcare Equipment & Supplies;74.95084841;82.11951447;65.44824503;78.01995577
Zimmer Biomet Holdings Inc;2014;2013;Healthcare Equipment & Supplies;72.71820562;84.96732026;55.9244355;78.61030207
